{"id":"b694e2c2-a385-4d08-a1e5-50386dbe4c56","revision":0,"last_node_id":0,"last_link_id":0,"nodes":[],"links":[],"groups":[],"config":{},"extra":{"ds":{"scale":0.8264462809917356,"offset":[1161.3021779764981,38.52411813097177]}},"version":0.4}